{"cameraMode":{"drawMode":0,"name":"Shaded","section":"Shading Mode"},"sceneLighting":true,"audioPlay":false,"sceneViewState":{"m_AlwaysRefresh":false,"showFog":true,"showSkybox":true,"showFlares":false,"showImageEffects":true,"showParticleSystems":true,"showVisualEffectGraphs":true,"m_FxEnabled":true},"in2DMode":false,"pivot":{"x":10.746622085571289,"y":46.970672607421878,"z":104.28189086914063},"rotation":{"x":-0.07203056663274765,"y":0.9272095561027527,"z":-0.2845654785633087,"w":-0.23303693532943726},"size":3.4801688194274904,"orthographic":false}