{"cameraMode":{"drawMode":0,"name":"Shaded","section":"Shading Mode"},"sceneLighting":true,"audioPlay":false,"sceneViewState":{"m_AlwaysRefresh":false,"showFog":true,"showSkybox":true,"showFlares":true,"showImageEffects":true,"showParticleSystems":true,"showVisualEffectGraphs":true,"m_FxEnabled":true},"in2DMode":false,"pivot":{"x":8.690343856811524,"y":27.121673583984376,"z":113.09602355957031},"rotation":{"x":0.4860912561416626,"y":-0.14352476596832276,"z":0.08223194628953934,"w":0.858357846736908},"size":15.402531623840332,"orthographic":false}