{"cameraMode":{"drawMode":0,"name":"Shaded","section":"Shading Mode"},"sceneLighting":true,"audioPlay":false,"sceneViewState":{"m_AlwaysRefresh":false,"showFog":true,"showSkybox":true,"showFlares":true,"showImageEffects":true,"showParticleSystems":true,"showVisualEffectGraphs":true,"m_FxEnabled":true},"in2DMode":false,"pivot":{"x":21.017518997192384,"y":58.93372344970703,"z":100.53790283203125},"rotation":{"x":0.0837731584906578,"y":-0.867523193359375,"z":0.15622678399085999,"w":0.46491116285324099},"size":2.1375951766967775,"orthographic":false}