{"cameraMode":{"drawMode":0,"name":"Shaded","section":"Shading Mode"},"sceneLighting":true,"audioPlay":false,"sceneViewState":{"m_AlwaysRefresh":false,"showFog":true,"showSkybox":true,"showFlares":true,"showImageEffects":true,"showParticleSystems":true,"showVisualEffectGraphs":true,"m_FxEnabled":true},"in2DMode":false,"pivot":{"x":21.546592712402345,"y":5.687617778778076,"z":233.38235473632813},"rotation":{"x":0.17840442061424256,"y":0.02153090015053749,"z":-0.003836065763607621,"w":0.9837706685066223},"size":78.16827392578125,"orthographic":false}