{"cameraMode":{"drawMode":0,"name":"Shaded","section":"Shading Mode"},"sceneLighting":true,"audioPlay":false,"sceneViewState":{"m_AlwaysRefresh":false,"showFog":true,"showSkybox":true,"showFlares":true,"showImageEffects":true,"showParticleSystems":true,"showVisualEffectGraphs":true,"m_FxEnabled":true},"in2DMode":false,"pivot":{"x":12.459424018859864,"y":48.405052185058597,"z":101.48544311523438},"rotation":{"x":-0.28175461292266848,"y":0.2826419472694397,"z":-0.08724219352006912,"w":-0.9127667546272278},"size":6.579098224639893,"orthographic":false}