{"cameraMode":{"drawMode":0,"name":"Shaded","section":"Shading Mode"},"sceneLighting":true,"audioPlay":false,"sceneViewState":{"m_AlwaysRefresh":false,"showFog":true,"showSkybox":true,"showFlares":false,"showImageEffects":true,"showParticleSystems":true,"showVisualEffectGraphs":true,"m_FxEnabled":true},"in2DMode":false,"pivot":{"x":-6.764529705047607,"y":52.79027557373047,"z":101.07780456542969},"rotation":{"x":0.018717870116233827,"y":-0.28918832540512087,"z":-0.005471128039062023,"w":-0.9571514129638672},"size":3.125452995300293,"orthographic":false}