{"cameraMode":{"drawMode":0,"name":"Shaded","section":"Shading Mode"},"sceneLighting":true,"audioPlay":false,"sceneViewState":{"m_AlwaysRefresh":false,"showFog":true,"showSkybox":true,"showFlares":false,"showImageEffects":true,"showParticleSystems":true,"showVisualEffectGraphs":true,"m_FxEnabled":true},"in2DMode":false,"pivot":{"x":3.064819097518921,"y":43.033138275146487,"z":97.9078598022461},"rotation":{"x":0.48959246277809145,"y":0.022756142541766168,"z":-0.01279030553996563,"w":0.8715770840644836},"size":4.9604597091674809,"orthographic":false}