{"cameraMode":{"drawMode":0,"name":"Shaded","section":"Shading Mode"},"sceneLighting":false,"audioPlay":false,"sceneViewState":{"m_AlwaysRefresh":false,"showFog":true,"showSkybox":true,"showFlares":true,"showImageEffects":true,"showParticleSystems":true,"showVisualEffectGraphs":true,"m_FxEnabled":true},"in2DMode":false,"pivot":{"x":19.621166229248048,"y":61.624332427978519,"z":92.25995635986328},"rotation":{"x":-0.04916982725262642,"y":0.31707441806793215,"z":-0.016538426280021669,"w":-0.9470183849334717},"size":0.988278865814209,"orthographic":false}