{"cameraMode":{"drawMode":0,"name":"Shaded","section":"Shading Mode"},"sceneLighting":true,"audioPlay":false,"sceneViewState":{"m_AlwaysRefresh":false,"showFog":true,"showSkybox":true,"showFlares":false,"showImageEffects":true,"showParticleSystems":true,"showVisualEffectGraphs":true,"m_FxEnabled":true},"in2DMode":false,"pivot":{"x":7.153581142425537,"y":53.74335861206055,"z":104.72549438476563},"rotation":{"x":0.014488926157355309,"y":-0.9774390459060669,"z":0.1985388547182083,"w":0.07108929753303528},"size":1.545440673828125,"orthographic":false}