{"cameraMode":{"drawMode":0,"name":"Shaded","section":"Shading Mode"},"sceneLighting":false,"audioPlay":false,"sceneViewState":{"m_AlwaysRefresh":false,"showFog":true,"showSkybox":true,"showFlares":true,"showImageEffects":true,"showParticleSystems":true,"showVisualEffectGraphs":true,"m_FxEnabled":true},"in2DMode":false,"pivot":{"x":14.10805606842041,"y":58.94477844238281,"z":109.15699005126953},"rotation":{"x":-0.015548950992524624,"y":0.9804187417030335,"z":-0.08033840358257294,"w":-0.18018034100532533},"size":0.736406147480011,"orthographic":false}