{"cameraMode":{"drawMode":0,"name":"Shaded","section":"Shading Mode"},"sceneLighting":true,"audioPlay":false,"sceneViewState":{"m_AlwaysRefresh":false,"showFog":true,"showSkybox":true,"showFlares":true,"showImageEffects":true,"showParticleSystems":true,"showVisualEffectGraphs":true,"m_FxEnabled":true},"in2DMode":false,"pivot":{"x":18.48921775817871,"y":57.293113708496097,"z":80.89137268066406},"rotation":{"x":-0.0011485235299915076,"y":0.9877938032150269,"z":0.008925979025661946,"w":0.15598657727241517},"size":12.12435531616211,"orthographic":false}