{"cameraMode":{"drawMode":0,"name":"Shaded","section":"Shading Mode"},"sceneLighting":false,"audioPlay":false,"sceneViewState":{"m_AlwaysRefresh":false,"showFog":true,"showSkybox":true,"showFlares":false,"showImageEffects":true,"showParticleSystems":true,"showVisualEffectGraphs":true,"m_FxEnabled":true},"in2DMode":false,"pivot":{"x":18.091815948486329,"y":41.91426086425781,"z":63.42711639404297},"rotation":{"x":-0.024451885372400285,"y":-0.9671833515167236,"z":0.10223506391048432,"w":-0.23145176470279694},"size":33.30636215209961,"orthographic":false}