{"cameraMode":{"drawMode":0,"name":"Shaded","section":"Shading Mode"},"sceneLighting":true,"audioPlay":false,"sceneViewState":{"m_AlwaysRefresh":false,"showFog":true,"showSkybox":true,"showFlares":true,"showImageEffects":true,"showParticleSystems":true,"showVisualEffectGraphs":true,"m_FxEnabled":true},"in2DMode":false,"pivot":{"x":14.986732482910157,"y":45.710941314697269,"z":123.03666687011719},"rotation":{"x":-0.10372744500637055,"y":-0.14241249859333039,"z":0.015016427263617516,"w":-0.984253466129303},"size":12.127699851989746,"orthographic":false}