{"cameraMode":{"drawMode":0,"name":"Shaded","section":"Shading Mode"},"sceneLighting":false,"audioPlay":false,"sceneViewState":{"m_AlwaysRefresh":false,"showFog":true,"showSkybox":true,"showFlares":true,"showImageEffects":true,"showParticleSystems":true,"showVisualEffectGraphs":true,"m_FxEnabled":true},"in2DMode":false,"pivot":{"x":-15.443482398986817,"y":53.28984451293945,"z":129.93145751953126},"rotation":{"x":-0.053197745233774188,"y":0.3928185999393463,"z":-0.022769806906580926,"w":-0.9178043603897095},"size":21.464710235595704,"orthographic":false}