{"cameraMode":{"drawMode":0,"name":"Shaded","section":"Shading Mode"},"sceneLighting":false,"audioPlay":false,"sceneViewState":{"m_AlwaysRefresh":false,"showFog":true,"showSkybox":true,"showFlares":true,"showImageEffects":true,"showParticleSystems":true,"showVisualEffectGraphs":true,"m_FxEnabled":true},"in2DMode":false,"pivot":{"x":17.30841636657715,"y":16.70433807373047,"z":218.25213623046876},"rotation":{"x":-0.15921729803085328,"y":0.005026532802730799,"z":-0.0008125866297632456,"w":-0.9872404932975769},"size":71.93681335449219,"orthographic":false}